start,on_layout,use_effect,native_component
1711281006948,1711281007579,1711281007588,1711281008124.260986
1711281062941,1711281063577,1711281063586,1711281064097.908936
1711281088130,1711281088745,1711281088753,1711281089267.786133
1711281581827,1711281582418,1711281582426,1711281582955.765869
1711281622104,1711281622748,1711281622758,1711281623272.804932
1711281653891,1711281654486,1711281654495,1711281655004.385986
1711281682580,1711281683147,1711281683173,1711281683722.121094
1711281725494,1711281726076,1711281726084,1711281726611.363770
1711281760198,1711281760833,1711281760842,1711281761358.515137
1711281786569,1711281787208,1711281787218,1711281787732.413086
1711281808937,1711281809550,1711281809559,1711281810074.332031
1711281831231,1711281831846,1711281831854,1711281832364.479980
1711281862237,1711281862861,1711281862870,1711281863375.401855
1711281897970,1711281898599,1711281898608,1711281899114.458008
1711281936986,1711281937602,1711281937610,1711281938119.333984
1711281962400,1711281962988,1711281962996,1711281963510.671143
1711281985031,1711281985808,1711281985819,1711281986332.436035
1711282008666,1711282009314,1711282009324,1711282009831.798096
1711282061857,1711282062498,1711282062507,1711282063013.773926
1711282369927,1711282370555,1711282370565,1711282371113.452881
1711282415809,1711282416423,1711282416432,1711282416960.664062
